{
	"credit": "Created with Blockbench [Exported as resourcepack with the \"resourcepack_packager\" plugin]",
	"texture_size": [64, 64],
	"textures": {
		"0": "qualityarmory:all/muskettexture1",
		"particle": "qualityarmory:all/muskettexture1"
	},
	"elements": [
		{
			"from": [7.2, 7.5, -14.38],
			"to": [8.4, 8.7, 20.1],
			"rotation": {"angle": 0, "axis": "y", "origin": [7, 7.3, 6.42]},
			"faces": {
				"north": {"uv": [8.5, 9.25, 8.8125, 9.5625], "texture": "#0"},
				"east": {"uv": [0, 0, 8.625, 0.3125], "texture": "#0"},
				"south": {"uv": [9.25, 9.25, 9.5625, 9.5625], "texture": "#0"},
				"west": {"uv": [0, 0.75, 8.625, 1.0625], "texture": "#0"},
				"up": {"uv": [0.3125, 10.125, 0, 1.5], "texture": "#0"},
				"down": {"uv": [1.0625, 1.5, 0.75, 10.125], "texture": "#0"}
			}
		},
		{
			"from": [7.2, 7.9, -15.98],
			"to": [7.6, 8.7, -14.38],
			"rotation": {"angle": 0, "axis": "y", "origin": [7, 7.3, -4.78]},
			"faces": {
				"north": {"uv": [6.5, 10.75, 6.625, 10.9375], "texture": "#0"},
				"east": {"uv": [9.5, 5.5, 9.875, 5.6875], "texture": "#0"},
				"south": {"uv": [10.75, 6.5, 10.875, 6.6875], "texture": "#0"},
				"west": {"uv": [9.75, 0, 10.125, 0.1875], "texture": "#0"},
				"up": {"uv": [10.375, 3.375, 10.25, 3], "texture": "#0"},
				"down": {"uv": [3.875, 10.25, 3.75, 10.625], "texture": "#0"}
			}
		},
		{
			"from": [7.6, 8.3, -15.98],
			"to": [8.4, 8.7, -14.38],
			"rotation": {"angle": 0, "axis": "y", "origin": [7, 7.3, -4.78]},
			"faces": {
				"north": {"uv": [7, 10.75, 7.1875, 10.875], "texture": "#0"},
				"east": {"uv": [10.25, 3.75, 10.625, 3.875], "texture": "#0"},
				"south": {"uv": [10.75, 7.5, 10.9375, 7.625], "texture": "#0"},
				"west": {"uv": [4.25, 10.25, 4.625, 10.375], "texture": "#0"},
				"up": {"uv": [5.6875, 9.875, 5.5, 9.5], "texture": "#0"},
				"down": {"uv": [9.9375, 0.5, 9.75, 0.875], "texture": "#0"}
			}
		},
		{
			"from": [8, 7.5, -15.98],
			"to": [8.4, 8.3, -14.38],
			"rotation": {"angle": 0, "axis": "y", "origin": [7, 7.3, -4.78]},
			"faces": {
				"north": {"uv": [10.75, 8, 10.875, 8.1875], "texture": "#0"},
				"east": {"uv": [1.5, 9.75, 1.875, 9.9375], "texture": "#0"},
				"south": {"uv": [10.75, 8.5, 10.875, 8.6875], "texture": "#0"},
				"west": {"uv": [3.5, 9.75, 3.875, 9.9375], "texture": "#0"},
				"up": {"uv": [5.125, 10.625, 5, 10.25], "texture": "#0"},
				"down": {"uv": [5.625, 10.25, 5.5, 10.625], "texture": "#0"}
			}
		},
		{
			"from": [7.2, 7.5, -15.98],
			"to": [8, 7.9, -14.38],
			"rotation": {"angle": 0, "axis": "y", "origin": [7, 7.3, -4.78]},
			"faces": {
				"north": {"uv": [10.75, 9, 10.9375, 9.125], "texture": "#0"},
				"east": {"uv": [10.25, 4.25, 10.625, 4.375], "texture": "#0"},
				"south": {"uv": [10.75, 9.5, 10.9375, 9.625], "texture": "#0"},
				"west": {"uv": [10.25, 5.5, 10.625, 5.625], "texture": "#0"},
				"up": {"uv": [9.9375, 4.375, 9.75, 4], "texture": "#0"},
				"down": {"uv": [10.1875, 4.75, 10, 5.125], "texture": "#0"}
			}
		},
		{
			"from": [7.6, 6.7, -12.68],
			"to": [8, 7.1, -9.48],
			"rotation": {"angle": 0, "axis": "y", "origin": [7, 6.5, 0.12]},
			"faces": {
				"north": {"uv": [11, 3.5, 11.125, 3.625], "texture": "#0"},
				"east": {"uv": [9.25, 2, 10.0625, 2.125], "texture": "#0"},
				"south": {"uv": [11, 4, 11.125, 4.125], "texture": "#0"},
				"west": {"uv": [9.25, 7.25, 10.0625, 7.375], "texture": "#0"},
				"up": {"uv": [7.625, 10.0625, 7.5, 9.25], "texture": "#0"},
				"down": {"uv": [8.125, 9.25, 8, 10.0625], "texture": "#0"}
			}
		},
		{
			"from": [7.12, 6.54, -9.5],
			"to": [8.48, 8.06, 13.7],
			"rotation": {"angle": 0, "axis": "y", "origin": [7, 6.5, 7.3]},
			"faces": {
				"north": {"uv": [9, 0.75, 9.3125, 1.125], "texture": "#0"},
				"east": {"uv": [1.5, 1.5, 7.3125, 1.875], "texture": "#0"},
				"south": {"uv": [9, 4.25, 9.3125, 4.625], "texture": "#0"},
				"west": {"uv": [1.5, 2.25, 7.3125, 2.625], "texture": "#0"},
				"up": {"uv": [1.8125, 8.8125, 1.5, 3], "texture": "#0"},
				"down": {"uv": [2.5625, 3, 2.25, 8.8125], "texture": "#0"}
			}
		},
		{
			"from": [7.12, 6.38, 13.7],
			"to": [8.48, 8.22, 20.9],
			"rotation": {"angle": 0, "axis": "y", "origin": [7, 6.5, 7.3]},
			"faces": {
				"north": {"uv": [8.5, 7.5, 8.8125, 7.9375], "texture": "#0"},
				"east": {"uv": [3, 3, 4.8125, 3.4375], "texture": "#0"},
				"south": {"uv": [8.75, 3.5, 9.0625, 3.9375], "texture": "#0"},
				"west": {"uv": [3, 3.75, 4.8125, 4.1875], "texture": "#0"},
				"up": {"uv": [5.0625, 7.3125, 4.75, 5.5], "texture": "#0"},
				"down": {"uv": [5.8125, 5.5, 5.5, 7.3125], "texture": "#0"}
			}
		},
		{
			"from": [7.12, 7.26, -11.16],
			"to": [8.48, 8.06, -9.4],
			"rotation": {"angle": 0, "axis": "y", "origin": [7, 6.5, -2.2]},
			"faces": {
				"north": {"uv": [10.25, 1.5, 10.5625, 1.6875], "texture": "#0"},
				"east": {"uv": [6.25, 4, 6.6875, 4.1875], "texture": "#0"},
				"south": {"uv": [2.25, 10.25, 2.5625, 10.4375], "texture": "#0"},
				"west": {"uv": [9.25, 7.75, 9.6875, 7.9375], "texture": "#0"},
				"up": {"uv": [4.8125, 9.1875, 4.5, 8.75], "texture": "#0"},
				"down": {"uv": [5.5625, 8.75, 5.25, 9.1875], "texture": "#0"}
			}
		},
		{
			"from": [7.12, 8.22, 20.1],
			"to": [8.48, 8.78, 20.9],
			"rotation": {"angle": 0, "axis": "y", "origin": [7, 8.18, 10.5]},
			"faces": {
				"north": {"uv": [6, 10.25, 6.3125, 10.375], "texture": "#0"},
				"east": {"uv": [10.5, 10.75, 10.6875, 10.875], "texture": "#0"},
				"south": {"uv": [6.75, 10.25, 7.0625, 10.375], "texture": "#0"},
				"west": {"uv": [11, 0.5, 11.1875, 0.625], "texture": "#0"},
				"up": {"uv": [10.5625, 2.6875, 10.25, 2.5], "texture": "#0"},
				"down": {"uv": [3.3125, 10.25, 3, 10.4375], "texture": "#0"}
			}
		},
		{
			"from": [7.2, 10.22, 20.82],
			"to": [8.4, 12.54, 26.1],
			"rotation": {"angle": 22.5, "axis": "x", "origin": [7, 10.5, 11.3]},
			"faces": {
				"north": {"uv": [8.25, 8.25, 8.5625, 8.8125], "texture": "#0"},
				"east": {"uv": [5.25, 3, 6.5625, 3.5625], "texture": "#0"},
				"south": {"uv": [8.5, 1.5, 8.8125, 2.0625], "texture": "#0"},
				"west": {"uv": [3, 5.5, 4.3125, 6.0625], "texture": "#0"},
				"up": {"uv": [7.3125, 7.8125, 7, 6.5], "texture": "#0"},
				"down": {"uv": [3.3125, 7.5, 3, 8.8125], "texture": "#0"}
			}
		},
		{
			"from": [7.52, 5.02, 24.02],
			"to": [8.16, 7.34, 27.7],
			"rotation": {"angle": 0, "axis": "y", "origin": [7, 5.3, 14.5]},
			"faces": {
				"north": {"uv": [4.25, 6.5, 4.4375, 7.0625], "texture": "#0"},
				"east": {"uv": [6.25, 5.5, 7.1875, 6.0625], "texture": "#0"},
				"south": {"uv": [2.5, 9.25, 2.6875, 9.8125], "texture": "#0"},
				"west": {"uv": [3, 6.5, 3.9375, 7.0625], "texture": "#0"},
				"up": {"uv": [8.6875, 5.1875, 8.5, 4.25], "texture": "#0"},
				"down": {"uv": [8.6875, 6.25, 8.5, 7.1875], "texture": "#0"}
			}
		},
		{
			"from": [7.12, 5.66, 27.7],
			"to": [8.48, 7.34, 31.38],
			"rotation": {"angle": 0, "axis": "y", "origin": [7, 5.3, 17.7]},
			"faces": {
				"north": {"uv": [8.75, 5.5, 9.0625, 5.9375], "texture": "#0"},
				"east": {"uv": [6.5, 4.75, 7.4375, 5.1875], "texture": "#0"},
				"south": {"uv": [9, 0, 9.3125, 0.4375], "texture": "#0"},
				"west": {"uv": [7.5, 5.5, 8.4375, 5.9375], "texture": "#0"},
				"up": {"uv": [4.0625, 8.4375, 3.75, 7.5], "texture": "#0"},
				"down": {"uv": [8.0625, 1.5, 7.75, 2.4375], "texture": "#0"}
			}
		},
		{
			"from": [7.2, 10.38, 29.22],
			"to": [8.4, 11.58, 31.94],
			"rotation": {"angle": 22.5, "axis": "x", "origin": [7, 10.1, 16.82]},
			"faces": {
				"north": {"uv": [9.5, 2.5, 9.8125, 2.8125], "texture": "#0"},
				"east": {"uv": [7.75, 2.75, 8.4375, 3.0625], "texture": "#0"},
				"south": {"uv": [9.5, 3.25, 9.8125, 3.5625], "texture": "#0"},
				"west": {"uv": [7.75, 3.5, 8.4375, 3.8125], "texture": "#0"},
				"up": {"uv": [8.0625, 4.9375, 7.75, 4.25], "texture": "#0"},
				"down": {"uv": [4.8125, 7.75, 4.5, 8.4375], "texture": "#0"}
			}
		},
		{
			"from": [7.2, 8.22, 25.7],
			"to": [8.4, 10.54, 31.22],
			"rotation": {"angle": 22.5, "axis": "x", "origin": [7, 8.5, 16.18]},
			"faces": {
				"north": {"uv": [8.75, 2.5, 9.0625, 3.0625], "texture": "#0"},
				"east": {"uv": [3, 4.5, 4.375, 5.0625], "texture": "#0"},
				"south": {"uv": [3.75, 8.75, 4.0625, 9.3125], "texture": "#0"},
				"west": {"uv": [4.75, 4.5, 6.125, 5.0625], "texture": "#0"},
				"up": {"uv": [6.5625, 7.875, 6.25, 6.5], "texture": "#0"},
				"down": {"uv": [7.3125, 3, 7, 4.375], "texture": "#0"}
			}
		},
		{
			"from": [7.04, 6.46, 12.9],
			"to": [8.56, 8.78, 13.7],
			"rotation": {"angle": 0, "axis": "y", "origin": [7, 7.3, 16.9]},
			"faces": {
				"north": {"uv": [5.25, 7.75, 5.625, 8.3125], "texture": "#0"},
				"east": {"uv": [3, 9.25, 3.1875, 9.8125], "texture": "#0"},
				"south": {"uv": [7.75, 6.25, 8.125, 6.8125], "texture": "#0"},
				"west": {"uv": [6, 9.25, 6.1875, 9.8125], "texture": "#0"},
				"up": {"uv": [10.375, 6.1875, 10, 6], "texture": "#0"},
				"down": {"uv": [10.375, 6.5, 10, 6.6875], "texture": "#0"}
			}
		},
		{
			"from": [7.04, 6.46, 0.9],
			"to": [8.56, 8.78, 1.7],
			"rotation": {"angle": 0, "axis": "y", "origin": [7, 7.3, 4.1]},
			"faces": {
				"north": {"uv": [7.75, 7.25, 8.125, 7.8125], "texture": "#0"},
				"east": {"uv": [6.5, 9.25, 6.6875, 9.8125], "texture": "#0"},
				"south": {"uv": [6, 8.25, 6.375, 8.8125], "texture": "#0"},
				"west": {"uv": [7, 9.25, 7.1875, 9.8125], "texture": "#0"},
				"up": {"uv": [10.375, 7.9375, 10, 7.75], "texture": "#0"},
				"down": {"uv": [10.375, 8.25, 10, 8.4375], "texture": "#0"}
			}
		},
		{
			"from": [7.04, 7.98, -9.7],
			"to": [8.56, 8.78, -8.9],
			"rotation": {"angle": 0, "axis": "y", "origin": [7, 7.3, -6.5]},
			"faces": {
				"north": {"uv": [8.5, 10, 8.875, 10.1875], "texture": "#0"},
				"east": {"uv": [10.5, 4.75, 10.6875, 4.9375], "texture": "#0"},
				"south": {"uv": [10, 8.75, 10.375, 8.9375], "texture": "#0"},
				"west": {"uv": [10.5, 7, 10.6875, 7.1875], "texture": "#0"},
				"up": {"uv": [9.625, 10.1875, 9.25, 10], "texture": "#0"},
				"down": {"uv": [10.375, 9.25, 10, 9.4375], "texture": "#0"}
			}
		},
		{
			"from": [8.48, 7.18, -11.3],
			"to": [8.56, 7.98, -8.74],
			"rotation": {"angle": 0, "axis": "y", "origin": [7, 6.5, -4.9]},
			"faces": {
				"north": {"uv": [5.75, 11.25, 5.8125, 11.4375], "texture": "#0"},
				"east": {"uv": [5.25, 4, 5.875, 4.1875], "texture": "#0"},
				"south": {"uv": [11.25, 6, 11.3125, 6.1875], "texture": "#0"},
				"west": {"uv": [9, 5, 9.625, 5.1875], "texture": "#0"},
				"up": {"uv": [10.0625, 10.875, 10, 10.25], "texture": "#0"},
				"down": {"uv": [0.0625, 10.5, 0, 11.125], "texture": "#0"}
			}
		},
		{
			"from": [7.04, 7.18, -11.3],
			"to": [7.12, 7.98, -8.74],
			"rotation": {"angle": 0, "axis": "y", "origin": [5.56, 6.5, -4.9]},
			"faces": {
				"north": {"uv": [6.25, 11.25, 6.3125, 11.4375], "texture": "#0"},
				"east": {"uv": [9, 6.25, 9.625, 6.4375], "texture": "#0"},
				"south": {"uv": [11.25, 6.5, 11.3125, 6.6875], "texture": "#0"},
				"west": {"uv": [9, 6.75, 9.625, 6.9375], "texture": "#0"},
				"up": {"uv": [0.5625, 11.125, 0.5, 10.5], "texture": "#0"},
				"down": {"uv": [1.0625, 10.5, 1, 11.125], "texture": "#0"}
			}
		},
		{
			"from": [7.04, 6.46, -10.5],
			"to": [7.12, 7.18, -8.1],
			"rotation": {"angle": 0, "axis": "y", "origin": [5.56, 5.7, -4.9]},
			"faces": {
				"north": {"uv": [6.75, 11.25, 6.8125, 11.4375], "texture": "#0"},
				"east": {"uv": [9, 8.25, 9.625, 8.4375], "texture": "#0"},
				"south": {"uv": [11.25, 7.5, 11.3125, 7.6875], "texture": "#0"},
				"west": {"uv": [9, 8.75, 9.625, 8.9375], "texture": "#0"},
				"up": {"uv": [7.5625, 11.125, 7.5, 10.5], "texture": "#0"},
				"down": {"uv": [8.0625, 10.5, 8, 11.125], "texture": "#0"}
			}
		},
		{
			"from": [8.48, 6.46, -10.5],
			"to": [8.56, 7.18, -8.1],
			"rotation": {"angle": 0, "axis": "y", "origin": [7, 5.7, -4.9]},
			"faces": {
				"north": {"uv": [11.25, 8, 11.3125, 8.1875], "texture": "#0"},
				"east": {"uv": [1.5, 9.25, 2.125, 9.4375], "texture": "#0"},
				"south": {"uv": [11.25, 8.5, 11.3125, 8.6875], "texture": "#0"},
				"west": {"uv": [9.25, 1.5, 9.875, 1.6875], "texture": "#0"},
				"up": {"uv": [8.5625, 11.125, 8.5, 10.5], "texture": "#0"},
				"down": {"uv": [9.0625, 10.5, 9, 11.125], "texture": "#0"}
			}
		},
		{
			"from": [7.04, 7.98, -11.3],
			"to": [8.56, 8.78, -10.5],
			"rotation": {"angle": 0, "axis": "y", "origin": [7, 7.3, -7.3]},
			"faces": {
				"north": {"uv": [10, 9.75, 10.375, 9.9375], "texture": "#0"},
				"east": {"uv": [9.5, 10.5, 9.6875, 10.6875], "texture": "#0"},
				"south": {"uv": [10.25, 0.5, 10.625, 0.6875], "texture": "#0"},
				"west": {"uv": [10.5, 10.25, 10.6875, 10.4375], "texture": "#0"},
				"up": {"uv": [10.625, 1.1875, 10.25, 1], "texture": "#0"},
				"down": {"uv": [1.875, 10.25, 1.5, 10.4375], "texture": "#0"}
			}
		},
		{
			"from": [7.12, 6.46, -10.5],
			"to": [8.48, 6.54, -8.1],
			"rotation": {"angle": 0, "axis": "y", "origin": [7, 5.78, -6.5]},
			"faces": {
				"north": {"uv": [11, 1, 11.3125, 1.0625], "texture": "#0"},
				"east": {"uv": [10.5, 0, 11.125, 0.0625], "texture": "#0"},
				"south": {"uv": [11, 1.5, 11.3125, 1.5625], "texture": "#0"},
				"west": {"uv": [10.5, 2, 11.125, 2.0625], "texture": "#0"},
				"up": {"uv": [7.0625, 8.875, 6.75, 8.25], "texture": "#0"},
				"down": {"uv": [7.8125, 8.25, 7.5, 8.875], "texture": "#0"}
			}
		},
		{
			"from": [7.68, 2.14, 21.06],
			"to": [7.92, 2.46, 21.14],
			"rotation": {"angle": -22.5, "axis": "x", "origin": [7, 1.86, 11.06]},
			"faces": {
				"north": {"uv": [7.75, 12, 7.8125, 12.0625], "texture": "#0"},
				"east": {"uv": [8.25, 12, 8.3125, 12.0625], "texture": "#0"},
				"south": {"uv": [8.75, 12, 8.8125, 12.0625], "texture": "#0"},
				"west": {"uv": [9.25, 12, 9.3125, 12.0625], "texture": "#0"},
				"up": {"uv": [12.0625, 10.0625, 12, 10], "texture": "#0"},
				"down": {"uv": [12.0625, 10.5, 12, 10.5625], "texture": "#0"}
			}
		},
		{
			"from": [7.68, 9.58, 20.74],
			"to": [7.92, 9.9, 20.82],
			"rotation": {"angle": 22.5, "axis": "x", "origin": [7, 9.3, 10.74]},
			"faces": {
				"north": {"uv": [10.75, 12, 10.8125, 12.0625], "texture": "#0"},
				"east": {"uv": [12, 11, 12.0625, 11.0625], "texture": "#0"},
				"south": {"uv": [11.25, 12, 11.3125, 12.0625], "texture": "#0"},
				"west": {"uv": [12, 11.5, 12.0625, 11.5625], "texture": "#0"},
				"up": {"uv": [11.8125, 12.0625, 11.75, 12], "texture": "#0"},
				"down": {"uv": [12.3125, 1, 12.25, 1.0625], "texture": "#0"}
			}
		},
		{
			"from": [7.76, 6.22, 20.02],
			"to": [7.84, 6.38, 20.26],
			"rotation": {"angle": 0, "axis": "y", "origin": [7, 5.78, 10.02]},
			"faces": {
				"north": {"uv": [1.5, 12.25, 1.5625, 12.3125], "texture": "#0"},
				"east": {"uv": [12.25, 1.5, 12.3125, 1.5625], "texture": "#0"},
				"south": {"uv": [2, 12.25, 2.0625, 12.3125], "texture": "#0"},
				"west": {"uv": [2.5, 12.25, 2.5625, 12.3125], "texture": "#0"},
				"up": {"uv": [12.3125, 2.5625, 12.25, 2.5], "texture": "#0"},
				"down": {"uv": [3.0625, 12.25, 3, 12.3125], "texture": "#0"}
			}
		},
		{
			"from": [7.76, 6.3, 20.26],
			"to": [7.84, 6.38, 20.34],
			"rotation": {"angle": 0, "axis": "y", "origin": [7, 5.78, 10.1]},
			"faces": {
				"north": {"uv": [12.25, 3, 12.3125, 3.0625], "texture": "#0"},
				"east": {"uv": [4, 12.25, 4.0625, 12.3125], "texture": "#0"},
				"south": {"uv": [5.5, 12.25, 5.5625, 12.3125], "texture": "#0"},
				"west": {"uv": [6, 12.25, 6.0625, 12.3125], "texture": "#0"},
				"up": {"uv": [12.3125, 6.0625, 12.25, 6], "texture": "#0"},
				"down": {"uv": [6.5625, 12.25, 6.5, 12.3125], "texture": "#0"}
			}
		},
		{
			"from": [7.44, 5.58, 20.5],
			"to": [8.16, 6.38, 20.66],
			"rotation": {"angle": 0, "axis": "y", "origin": [7, 5.78, 10.5]},
			"faces": {
				"north": {"uv": [1.5, 10.75, 1.6875, 10.9375], "texture": "#0"},
				"east": {"uv": [11.25, 9, 11.3125, 9.1875], "texture": "#0"},
				"south": {"uv": [2, 10.75, 2.1875, 10.9375], "texture": "#0"},
				"west": {"uv": [11.25, 9.5, 11.3125, 9.6875], "texture": "#0"},
				"up": {"uv": [10.1875, 11.3125, 10, 11.25], "texture": "#0"},
				"down": {"uv": [10.6875, 11.25, 10.5, 11.3125], "texture": "#0"}
			}
		},
		{
			"from": [7.36, 5.5, 19.3],
			"to": [8.24, 5.66, 20.5],
			"rotation": {"angle": 0, "axis": "y", "origin": [7, 5.7, 10.5]},
			"faces": {
				"north": {"uv": [11, 4.5, 11.25, 4.5625], "texture": "#0"},
				"east": {"uv": [11, 2.5, 11.3125, 2.5625], "texture": "#0"},
				"south": {"uv": [4.75, 11, 5, 11.0625], "texture": "#0"},
				"west": {"uv": [3.5, 11, 3.8125, 11.0625], "texture": "#0"},
				"up": {"uv": [4.75, 9.8125, 4.5, 9.5], "texture": "#0"},
				"down": {"uv": [5.25, 9.5, 5, 9.8125], "texture": "#0"}
			}
		},
		{
			"from": [7.44, 5.58, 19.14],
			"to": [8.16, 6.38, 19.3],
			"rotation": {"angle": 0, "axis": "y", "origin": [7, 5.78, 9.22]},
			"faces": {
				"north": {"uv": [2.5, 10.75, 2.6875, 10.9375], "texture": "#0"},
				"east": {"uv": [0, 11.5, 0.0625, 11.6875], "texture": "#0"},
				"south": {"uv": [3, 10.75, 3.1875, 10.9375], "texture": "#0"},
				"west": {"uv": [11.5, 0, 11.5625, 0.1875], "texture": "#0"},
				"up": {"uv": [0.6875, 11.5625, 0.5, 11.5], "texture": "#0"},
				"down": {"uv": [11.6875, 0.5, 11.5, 0.5625], "texture": "#0"}
			}
		},
		{
			"from": [8.48, 7.98, 20.1],
			"to": [8.64, 8.62, 20.9],
			"rotation": {"angle": 0, "axis": "y", "origin": [7.16, 7.94, 10.5]},
			"faces": {
				"north": {"uv": [1, 11.5, 1.0625, 11.6875], "texture": "#0"},
				"east": {"uv": [10.75, 3, 10.9375, 3.1875], "texture": "#0"},
				"south": {"uv": [11.5, 2, 11.5625, 2.1875], "texture": "#0"},
				"west": {"uv": [4.25, 10.75, 4.4375, 10.9375], "texture": "#0"},
				"up": {"uv": [3.5625, 11.6875, 3.5, 11.5], "texture": "#0"},
				"down": {"uv": [11.5625, 3.5, 11.5, 3.6875], "texture": "#0"}
			}
		},
		{
			"from": [8.32, 8.06, 19.46],
			"to": [8.8, 8.46, 19.54],
			"rotation": {"angle": 0, "axis": "y", "origin": [7.16, 7.94, 9.22]},
			"faces": {
				"north": {"uv": [11, 5, 11.125, 5.125], "texture": "#0"},
				"east": {"uv": [11.5, 10, 11.5625, 10.125], "texture": "#0"},
				"south": {"uv": [5.25, 11, 5.375, 11.125], "texture": "#0"},
				"west": {"uv": [11.5, 10.5, 11.5625, 10.625], "texture": "#0"},
				"up": {"uv": [11.125, 11.5625, 11, 11.5], "texture": "#0"},
				"down": {"uv": [11.625, 11, 11.5, 11.0625], "texture": "#0"}
			}
		},
		{
			"from": [8.32, 8.06, 18.9],
			"to": [8.8, 8.46, 18.98],
			"rotation": {"angle": 0, "axis": "y", "origin": [7.16, 7.94, 8.58]},
			"faces": {
				"north": {"uv": [11, 5.5, 11.125, 5.625], "texture": "#0"},
				"east": {"uv": [11.5, 11.5, 11.5625, 11.625], "texture": "#0"},
				"south": {"uv": [11, 7, 11.125, 7.125], "texture": "#0"},
				"west": {"uv": [11.75, 1, 11.8125, 1.125], "texture": "#0"},
				"up": {"uv": [1.625, 11.8125, 1.5, 11.75], "texture": "#0"},
				"down": {"uv": [11.875, 1.5, 11.75, 1.5625], "texture": "#0"}
			}
		},
		{
			"from": [8.56, 8.14, 18.5],
			"to": [8.72, 8.3, 18.9],
			"rotation": {"angle": 0, "axis": "y", "origin": [7.16, 7.94, 8.5]},
			"faces": {
				"north": {"uv": [12.25, 6.5, 12.3125, 6.5625], "texture": "#0"},
				"east": {"uv": [2, 11.75, 2.125, 11.8125], "texture": "#0"},
				"south": {"uv": [12.25, 7.5, 12.3125, 7.5625], "texture": "#0"},
				"west": {"uv": [2.5, 11.75, 2.625, 11.8125], "texture": "#0"},
				"up": {"uv": [11.8125, 2.625, 11.75, 2.5], "texture": "#0"},
				"down": {"uv": [3.0625, 11.75, 3, 11.875], "texture": "#0"}
			}
		},
		{
			"from": [8.56, 8.06, 18.18],
			"to": [8.8, 8.38, 18.5],
			"rotation": {"angle": 0, "axis": "y", "origin": [7.16, 7.94, 8.1]},
			"faces": {
				"north": {"uv": [12.25, 8, 12.3125, 8.0625], "texture": "#0"},
				"east": {"uv": [12, 8.25, 12.3125, 8.5625], "texture": "#0"},
				"south": {"uv": [12.25, 9, 12.3125, 9.0625], "texture": "#0"},
				"west": {"uv": [12.25, 9.5, 12.3125, 9.5625], "texture": "#0"},
				"up": {"uv": [9.8125, 12.3125, 9.75, 12.25], "texture": "#0"},
				"down": {"uv": [10.3125, 12.25, 10.25, 12.3125], "texture": "#0"}
			}
		},
		{
			"from": [8.48, 15.26, 21.14],
			"to": [8.56, 15.98, 21.3],
			"rotation": {"angle": 45, "axis": "x", "origin": [7.08, 15.54, 10.9]},
			"faces": {
				"north": {"uv": [11.5, 4, 11.5625, 4.1875], "texture": "#0"},
				"east": {"uv": [11.5, 4.5, 11.5625, 4.6875], "texture": "#0"},
				"south": {"uv": [4.75, 11.5, 4.8125, 11.6875], "texture": "#0"},
				"west": {"uv": [11.5, 5, 11.5625, 5.1875], "texture": "#0"},
				"up": {"uv": [12.3125, 12.0625, 12.25, 12], "texture": "#0"},
				"down": {"uv": [0.0625, 12.5, 0, 12.5625], "texture": "#0"}
			}
		},
		{
			"from": [8.48, 15.74, 21.62],
			"to": [8.8, 16.22, 21.78],
			"rotation": {"angle": 45, "axis": "x", "origin": [7.08, 16.02, 11.38]},
			"faces": {
				"north": {"uv": [11.75, 3, 11.8125, 3.125], "texture": "#0"},
				"east": {"uv": [4, 11.75, 4.0625, 11.875], "texture": "#0"},
				"south": {"uv": [5.75, 11.75, 5.8125, 11.875], "texture": "#0"},
				"west": {"uv": [11.75, 6, 11.8125, 6.125], "texture": "#0"},
				"up": {"uv": [12.5625, 0.0625, 12.5, 0], "texture": "#0"},
				"down": {"uv": [0.5625, 12.5, 0.5, 12.5625], "texture": "#0"}
			}
		},
		{
			"from": [8.48, 12.7, 17.78],
			"to": [8.88, 13.58, 17.94],
			"rotation": {"angle": -22.5, "axis": "x", "origin": [7.08, 13.06, 28.18]},
			"faces": {
				"north": {"uv": [6, 10.75, 6.125, 11], "texture": "#0"},
				"east": {"uv": [9.5, 11, 9.5625, 11.25], "texture": "#0"},
				"south": {"uv": [10.75, 6, 10.875, 6.25], "texture": "#0"},
				"west": {"uv": [11, 10, 11.0625, 10.25], "texture": "#0"},
				"up": {"uv": [6.375, 11.8125, 6.25, 11.75], "texture": "#0"},
				"down": {"uv": [11.875, 6.5, 11.75, 6.5625], "texture": "#0"}
			}
		},
		{
			"from": [8.32, 8.06, 18.98],
			"to": [8.8, 8.3, 19.46],
			"rotation": {"angle": 0, "axis": "y", "origin": [7.16, 7.94, 8.58]},
			"faces": {
				"north": {"uv": [6.75, 11.75, 6.875, 11.8125], "texture": "#0"},
				"east": {"uv": [11.75, 7.5, 11.875, 7.5625], "texture": "#0"},
				"south": {"uv": [11.75, 8, 11.875, 8.0625], "texture": "#0"},
				"west": {"uv": [11.75, 8.5, 11.875, 8.5625], "texture": "#0"},
				"up": {"uv": [11.125, 10.625, 11, 10.5], "texture": "#0"},
				"down": {"uv": [11.125, 11, 11, 11.125], "texture": "#0"}
			}
		},
		{
			"from": [8.8, 8.06, 18.98],
			"to": [8.88, 8.46, 19.46],
			"rotation": {"angle": 0, "axis": "y", "origin": [7.24, 7.94, 8.58]},
			"faces": {
				"north": {"uv": [11.75, 9, 11.8125, 9.125], "texture": "#0"},
				"east": {"uv": [1.5, 11.25, 1.625, 11.375], "texture": "#0"},
				"south": {"uv": [11.75, 9.5, 11.8125, 9.625], "texture": "#0"},
				"west": {"uv": [2, 11.25, 2.125, 11.375], "texture": "#0"},
				"up": {"uv": [9.8125, 11.875, 9.75, 11.75], "texture": "#0"},
				"down": {"uv": [10.3125, 11.75, 10.25, 11.875], "texture": "#0"}
			}
		},
		{
			"from": [8.56, 8.14, 20.34],
			"to": [8.72, 8.46, 20.66],
			"rotation": {"angle": 0, "axis": "y", "origin": [7.24, 7.94, 10.5]},
			"faces": {
				"north": {"uv": [12.5, 0.5, 12.5625, 0.5625], "texture": "#0"},
				"east": {"uv": [1, 12.5, 1.0625, 12.5625], "texture": "#0"},
				"south": {"uv": [12.5, 2, 12.5625, 2.0625], "texture": "#0"},
				"west": {"uv": [3.5, 12.5, 3.5625, 12.5625], "texture": "#0"},
				"up": {"uv": [12.5625, 3.5625, 12.5, 3.5], "texture": "#0"},
				"down": {"uv": [12.5625, 4, 12.5, 4.0625], "texture": "#0"}
			}
		},
		{
			"from": [8.32, 8.86, 20.34],
			"to": [8.64, 9.5, 20.5],
			"rotation": {"angle": 0, "axis": "y", "origin": [7.16, 8.82, 10.1]},
			"faces": {
				"north": {"uv": [5.25, 11.5, 5.3125, 11.6875], "texture": "#0"},
				"east": {"uv": [11.5, 5.5, 11.5625, 5.6875], "texture": "#0"},
				"south": {"uv": [11.5, 7, 11.5625, 7.1875], "texture": "#0"},
				"west": {"uv": [7.25, 11.5, 7.3125, 11.6875], "texture": "#0"},
				"up": {"uv": [4.5625, 12.5625, 4.5, 12.5], "texture": "#0"},
				"down": {"uv": [12.5625, 4.5, 12.5, 4.5625], "texture": "#0"}
			}
		},
		{
			"from": [8.32, 8.62, 20.02],
			"to": [8.64, 9.02, 20.34],
			"rotation": {"angle": 0, "axis": "y", "origin": [7.16, 8.82, 9.94]},
			"faces": {
				"north": {"uv": [0, 12, 0.0625, 12.125], "texture": "#0"},
				"east": {"uv": [12, 0, 12.0625, 0.125], "texture": "#0"},
				"south": {"uv": [0.5, 12, 0.5625, 12.125], "texture": "#0"},
				"west": {"uv": [12, 0.5, 12.0625, 0.625], "texture": "#0"},
				"up": {"uv": [5.0625, 12.5625, 5, 12.5], "texture": "#0"},
				"down": {"uv": [12.5625, 5, 12.5, 5.0625], "texture": "#0"}
			}
		},
		{
			"from": [8.24, 5.42, 20.74],
			"to": [8.72, 5.5, 21.22],
			"rotation": {"angle": -22.5, "axis": "x", "origin": [7.16, 5.3, 10.82]},
			"faces": {
				"north": {"uv": [1, 12, 1.125, 12.0625], "texture": "#0"},
				"east": {"uv": [12, 2, 12.125, 2.0625], "texture": "#0"},
				"south": {"uv": [3.5, 12, 3.625, 12.0625], "texture": "#0"},
				"west": {"uv": [12, 3.5, 12.125, 3.5625], "texture": "#0"},
				"up": {"uv": [2.625, 11.375, 2.5, 11.25], "texture": "#0"},
				"down": {"uv": [3.125, 11.25, 3, 11.375], "texture": "#0"}
			}
		},
		{
			"from": [8.24, 5.82, 20.66],
			"to": [8.72, 5.9, 21.22],
			"rotation": {"angle": -22.5, "axis": "x", "origin": [7.16, 5.78, 10.82]},
			"faces": {
				"north": {"uv": [12, 4, 12.125, 4.0625], "texture": "#0"},
				"east": {"uv": [4.5, 12, 4.625, 12.0625], "texture": "#0"},
				"south": {"uv": [12, 4.5, 12.125, 4.5625], "texture": "#0"},
				"west": {"uv": [5, 12, 5.125, 12.0625], "texture": "#0"},
				"up": {"uv": [11.375, 3.125, 11.25, 3], "texture": "#0"},
				"down": {"uv": [4.375, 11.25, 4.25, 11.375], "texture": "#0"}
			}
		},
		{
			"from": [8.32, 5.66, 20.58],
			"to": [8.64, 5.74, 20.74],
			"rotation": {"angle": -22.5, "axis": "x", "origin": [7.16, 5.62, 10.42]},
			"faces": {
				"north": {"uv": [12.5, 5.5, 12.5625, 5.5625], "texture": "#0"},
				"east": {"uv": [7, 12.5, 7.0625, 12.5625], "texture": "#0"},
				"south": {"uv": [12.5, 7, 12.5625, 7.0625], "texture": "#0"},
				"west": {"uv": [7.5, 12.5, 7.5625, 12.5625], "texture": "#0"},
				"up": {"uv": [8.0625, 12.5625, 8, 12.5], "texture": "#0"},
				"down": {"uv": [8.5625, 12.5, 8.5, 12.5625], "texture": "#0"}
			}
		},
		{
			"from": [8.32, 5.26, 20.66],
			"to": [8.64, 5.34, 20.82],
			"rotation": {"angle": -22.5, "axis": "x", "origin": [7.16, 5.22, 10.42]},
			"faces": {
				"north": {"uv": [9, 12.5, 9.0625, 12.5625], "texture": "#0"},
				"east": {"uv": [12.5, 10, 12.5625, 10.0625], "texture": "#0"},
				"south": {"uv": [12.5, 10.5, 12.5625, 10.5625], "texture": "#0"},
				"west": {"uv": [10.75, 12.5, 10.8125, 12.5625], "texture": "#0"},
				"up": {"uv": [12.5625, 11.0625, 12.5, 11], "texture": "#0"},
				"down": {"uv": [11.3125, 12.5, 11.25, 12.5625], "texture": "#0"}
			}
		},
		{
			"from": [8.32, 9.02, 19.98],
			"to": [8.64, 9.26, 20.06],
			"rotation": {"angle": 0, "axis": "y", "origin": [7.16, 8.98, 9.86]},
			"faces": {
				"north": {"uv": [12.5, 11.5, 12.5625, 11.5625], "texture": "#0"},
				"east": {"uv": [11.75, 12.5, 11.8125, 12.5625], "texture": "#0"},
				"south": {"uv": [12.25, 12.5, 12.3125, 12.5625], "texture": "#0"},
				"west": {"uv": [12.75, 1, 12.8125, 1.0625], "texture": "#0"},
				"up": {"uv": [1.5625, 12.8125, 1.5, 12.75], "texture": "#0"},
				"down": {"uv": [12.8125, 1.5, 12.75, 1.5625], "texture": "#0"}
			}
		},
		{
			"from": [8.4, 5.5, 21.22],
			"to": [8.56, 6.14, 21.3],
			"rotation": {"angle": -22.5, "axis": "x", "origin": [7.16, 5.46, 10.98]},
			"faces": {
				"north": {"uv": [7.75, 11.5, 7.8125, 11.6875], "texture": "#0"},
				"east": {"uv": [8.25, 11.5, 8.3125, 11.6875], "texture": "#0"},
				"south": {"uv": [8.75, 11.5, 8.8125, 11.6875], "texture": "#0"},
				"west": {"uv": [9.25, 11.5, 9.3125, 11.6875], "texture": "#0"},
				"up": {"uv": [2.0625, 12.8125, 2, 12.75], "texture": "#0"},
				"down": {"uv": [2.5625, 12.75, 2.5, 12.8125], "texture": "#0"}
			}
		},
		{
			"from": [8.44, 5.42, 20.98],
			"to": [8.52, 5.98, 21.06],
			"rotation": {"angle": -22.5, "axis": "x", "origin": [7.16, 5.46, 10.74]},
			"faces": {
				"north": {"uv": [12, 5, 12.0625, 5.125], "texture": "#0"},
				"east": {"uv": [12, 5.5, 12.0625, 5.625], "texture": "#0"},
				"south": {"uv": [12, 7, 12.0625, 7.125], "texture": "#0"},
				"west": {"uv": [7.25, 12, 7.3125, 12.125], "texture": "#0"},
				"up": {"uv": [12.8125, 2.5625, 12.75, 2.5], "texture": "#0"},
				"down": {"uv": [3.0625, 12.75, 3, 12.8125], "texture": "#0"}
			}
		},
		{
			"from": [8.4, 5.42, 20.58],
			"to": [8.56, 5.74, 20.9],
			"rotation": {"angle": -22.5, "axis": "x", "origin": [7.16, 5.38, 10.58]},
			"faces": {
				"north": {"uv": [12.75, 3, 12.8125, 3.0625], "texture": "#0"},
				"east": {"uv": [4, 12.75, 4.0625, 12.8125], "texture": "#0"},
				"south": {"uv": [5.5, 12.75, 5.5625, 12.8125], "texture": "#0"},
				"west": {"uv": [6, 12.75, 6.0625, 12.8125], "texture": "#0"},
				"up": {"uv": [12.8125, 6.0625, 12.75, 6], "texture": "#0"},
				"down": {"uv": [6.5625, 12.75, 6.5, 12.8125], "texture": "#0"}
			}
		},
		{
			"from": [8.36, 5.5, 20.66],
			"to": [8.6, 5.66, 20.82],
			"rotation": {"angle": -22.5, "axis": "x", "origin": [7.16, 5.38, 10.58]},
			"faces": {
				"north": {"uv": [12.75, 6.5, 12.8125, 6.5625], "texture": "#0"},
				"east": {"uv": [12.75, 7.5, 12.8125, 7.5625], "texture": "#0"},
				"south": {"uv": [12.75, 8, 12.8125, 8.0625], "texture": "#0"},
				"west": {"uv": [12.75, 8.5, 12.8125, 8.5625], "texture": "#0"},
				"up": {"uv": [12.8125, 9.0625, 12.75, 9], "texture": "#0"},
				"down": {"uv": [9.5625, 12.75, 9.5, 12.8125], "texture": "#0"}
			}
		},
		{
			"from": [8.44, 5.42, 20.42],
			"to": [8.52, 5.58, 20.74],
			"rotation": {"angle": -22.5, "axis": "x", "origin": [7.16, 5.3, 10.42]},
			"faces": {
				"north": {"uv": [12.75, 9.5, 12.8125, 9.5625], "texture": "#0"},
				"east": {"uv": [10, 12.75, 10.0625, 12.8125], "texture": "#0"},
				"south": {"uv": [12.75, 12, 12.8125, 12.0625], "texture": "#0"},
				"west": {"uv": [12.75, 12.5, 12.8125, 12.5625], "texture": "#0"},
				"up": {"uv": [0.0625, 13.0625, 0, 13], "texture": "#0"},
				"down": {"uv": [13.0625, 0, 13, 0.0625], "texture": "#0"}
			}
		},
		{
			"from": [8.44, 5.54, 20.66],
			"to": [8.52, 5.7, 20.98],
			"rotation": {"angle": -22.5, "axis": "x", "origin": [7.16, 5.38, 10.66]},
			"faces": {
				"north": {"uv": [0.5, 13, 0.5625, 13.0625], "texture": "#0"},
				"east": {"uv": [13, 0.5, 13.0625, 0.5625], "texture": "#0"},
				"south": {"uv": [1, 13, 1.0625, 13.0625], "texture": "#0"},
				"west": {"uv": [13, 2, 13.0625, 2.0625], "texture": "#0"},
				"up": {"uv": [3.5625, 13.0625, 3.5, 13], "texture": "#0"},
				"down": {"uv": [13.0625, 3.5, 13, 3.5625], "texture": "#0"}
			}
		}
	],
	"display": {
		"thirdperson_righthand": {
			"rotation": [3, 0, 0],
			"translation": [-1.75, 0, -9.5],
			"scale": [0.8, 0.8, 0.8]
		}
	},
	"groups": [
		{
			"name": "Barrel",
			"origin": [7, 7, -2],
			"color": 0,
			"children": [0, 1, 2, 3, 4, 5]
		},
		{
			"name": "Body",
			"origin": [7, 6, 0],
			"color": 0,
			"children": [
				6,
				7,
				8,
				9,
				{
					"name": "Stock",
					"origin": [7, 8.5, 11.1],
					"color": 0,
					"children": [10, 11, 12, 13, 14]
				},
				{
					"name": "Metal Stuffs",
					"origin": [7, 5.1, -7],
					"color": 0,
					"children": [15, 16, 17, 18, 19, 20, 21, 22, 23]
				}
			]
		},
		{
			"name": "Trigger",
			"origin": [7, 8.1, 4],
			"color": 0,
			"children": [
				24,
				25,
				26,
				27,
				{
					"name": "Trigger Guard",
					"origin": [7, 5.1, 2.4],
					"color": 0,
					"children": [28, 29, 30]
				},
				{
					"name": "Flint Lock thingy",
					"origin": [7, 8.1, 4],
					"color": 0,
					"children": [
						31,
						32,
						33,
						34,
						35,
						36,
						37,
						38,
						39,
						40,
						41,
						42,
						43,
						44,
						45,
						46,
						47,
						48,
						49,
						50,
						{
							"name": "Flint",
							"origin": [7.2, 4.6, 5.3],
							"color": 0,
							"children": [51, 52, 53, 54]
						}
					]
				}
			]
		}
	]
}